Map/TileImages,PastellKawaii	,TileGroup	PastellKawaii.unitypackage

Images/Characters	actor	Walk/actor_walk_front_8.png,60
Images/Characters	actor	Walk/actor_walk_left_8.png,60
Images/Characters	actor	Walk/actor_walk_right_8.png,60
Images/Characters	actor	Walk/actor_walk_back_8.png,60
Images/Characters	bear_blue	Walk/bear_blue_walk_front_8.png,60
Images/Characters	bear_blue	Walk/bear_blue_walk_left_8.png,60
Images/Characters	bear_blue	Walk/bear_blue_walk_right_8.png,60
Images/Characters	bear_blue	Walk/bear_blue_walk_back_8.png,60
Images/Characters	bear_pink	Walk/bear_pink_walk_front_8.png,60
Images/Characters	bear_pink	Walk/bear_pink_walk_left_8.png,60
Images/Characters	bear_pink	Walk/bear_pink_walk_right_8.png,60
Images/Characters	bear_pink	Walk/bear_pink_walk_back_8.png,60
Images/Characters	bear_yellow	Walk/bear_yellow_walk_front_8.png,60
Images/Characters	bear_yellow	Walk/bear_yellow_walk_left_8.png,60
Images/Characters	bear_yellow	Walk/bear_yellow_walk_right_8.png,60
Images/Characters	bear_yellow	Walk/bear_yellow_walk_back_8.png,60
Images/Faces		face.png
Images/Faces		face_bluebear.png
Images/Faces		face_pinkbear.png
Images/Faces		face_yellowbear.png
Images/System/Balloon		Balloon_anger.png
Images/System/Balloon		Balloon_happy.png
Images/System/Balloon		Balloon_inspiration.png
Images/System/Balloon		Balloon_love.png
Images/System/Balloon		Balloon_question.png
Images/System/Balloon		Balloon_sad.png
Images/System/Balloon		Balloon_sleepy.png
Images/System/Balloon		Balloon_surprise.png
Images/System/Balloon		Balloon_think.png
Images/System/Balloon		Balloon_trouble.png
Map/TileImages,PastellKawaii	,LargeParts	LargeParts/balloon_1.png
Map/TileImages,PastellKawaii	,LargeParts	LargeParts/balloon_2.png
Map/TileImages,PastellKawaii	,LargeParts	LargeParts/balloon_b_1.png
Map/TileImages,PastellKawaii	,LargeParts	LargeParts/balloon_b_2.png
Map/TileImages,PastellKawaii	,LargeParts	LargeParts/balloon_base.png
Map/TileImages,PastellKawaii	,LargeParts	LargeParts/balloon_bluehart.png
Map/TileImages,PastellKawaii	,LargeParts	LargeParts/balloon_bluestar.png
Map/TileImages,PastellKawaii	,LargeParts	LargeParts/balloon_pinkhart.png
Map/TileImages,PastellKawaii	,LargeParts	LargeParts/balloon_pinkstar.png
Map/TileImages,PastellKawaii	,LargeParts	LargeParts/bed_0.png
Map/TileImages,PastellKawaii	,LargeParts	LargeParts/bed_1.png
Map/TileImages,PastellKawaii	,LargeParts	LargeParts/bed_2.png
Map/TileImages,PastellKawaii	,LargeParts	LargeParts/bed_3.png
Map/TileImages,PastellKawaii	,LargeParts	LargeParts/bench_b_0.png
Map/TileImages,PastellKawaii	,LargeParts	LargeParts/bench_b_1.png
Map/TileImages,PastellKawaii	,LargeParts	LargeParts/bench_b_2.png
Map/TileImages,PastellKawaii	,LargeParts	LargeParts/bench_b_3.png
Map/TileImages,PastellKawaii	,LargeParts	LargeParts/bench_w_0.png
Map/TileImages,PastellKawaii	,LargeParts	LargeParts/bench_w_1.png
Map/TileImages,PastellKawaii	,LargeParts	LargeParts/bench_w_2.png
Map/TileImages,PastellKawaii	,LargeParts	LargeParts/bench_w_3.png
Map/TileImages,PastellKawaii	,LargeParts	LargeParts/blookshelf_b_0.png
Map/TileImages,PastellKawaii	,LargeParts	LargeParts/bookshelf_2.png
Map/TileImages,PastellKawaii	,LargeParts	LargeParts/bookshelf_3.png
Map/TileImages,PastellKawaii	,LargeParts	LargeParts/bookshelf_b_0.png
Map/TileImages,PastellKawaii	,LargeParts	LargeParts/bookshelf_b_1.png
Map/TileImages,PastellKawaii	,LargeParts	LargeParts/bookshelf_g_0.png
Map/TileImages,PastellKawaii	,LargeParts	LargeParts/bookshelf_g_1.png
Map/TileImages,PastellKawaii	,LargeParts	LargeParts/bookshelf_p_0.png
Map/TileImages,PastellKawaii	,LargeParts	LargeParts/bookshelf_p_1.png
Map/TileImages,PastellKawaii	,LargeParts	LargeParts/cart_l.png
Map/TileImages,PastellKawaii	,LargeParts	LargeParts/cart_r.png
Map/TileImages,PastellKawaii	,LargeParts	LargeParts/chair_0.png
Map/TileImages,PastellKawaii	,LargeParts	LargeParts/chair_1.png
Map/TileImages,PastellKawaii	,LargeParts	LargeParts/chair_2.png
Map/TileImages,PastellKawaii	,LargeParts	LargeParts/chair_3.png
Map/TileImages,PastellKawaii	,LargeParts	LargeParts/chest_0.png
Map/TileImages,PastellKawaii	,LargeParts	LargeParts/chest_1_b.png
Map/TileImages,PastellKawaii	,LargeParts	LargeParts/chest_1_p.png
Map/TileImages,PastellKawaii	,LargeParts	LargeParts/chest_1_y.png
Map/TileImages,PastellKawaii	,LargeParts	LargeParts/chest_2.png
Map/TileImages,PastellKawaii	,LargeParts	LargeParts/chest_3.png
Map/TileImages,PastellKawaii	,LargeParts	LargeParts/closet_0.png
Map/TileImages,PastellKawaii	,LargeParts	LargeParts/closet_1.png
Map/TileImages,PastellKawaii	,LargeParts	LargeParts/closet_1_2.png
Map/TileImages,PastellKawaii	,LargeParts	LargeParts/closet_2.png
Map/TileImages,PastellKawaii	,LargeParts	LargeParts/closet_2_2.png
Map/TileImages,PastellKawaii	,LargeParts	LargeParts/closet_3.png
Map/TileImages,PastellKawaii	,LargeParts	LargeParts/closet_3_2.png
Map/TileImages,PastellKawaii	,LargeParts	LargeParts/cloud_p_l_1.png
Map/TileImages,PastellKawaii	,LargeParts	LargeParts/cloud_p_l_2.png
Map/TileImages,PastellKawaii	,LargeParts	LargeParts/cloud_p_s_1.png
Map/TileImages,PastellKawaii	,LargeParts	LargeParts/cloud_p_s_2.png
Map/TileImages,PastellKawaii	,LargeParts	LargeParts/cloud_w_1.png
Map/TileImages,PastellKawaii	,LargeParts	LargeParts/cloud_w_2.png
Map/TileImages,PastellKawaii	,LargeParts	LargeParts/cloud_w_l_1.png
Map/TileImages,PastellKawaii	,LargeParts	LargeParts/cloud_w_l_2.png
Map/TileImages,PastellKawaii	,LargeParts	LargeParts/cushion_l.png
Map/TileImages,PastellKawaii	,LargeParts	LargeParts/cushion_large_b.png
Map/TileImages,PastellKawaii	,LargeParts	LargeParts/cushion_large_p.png
Map/TileImages,PastellKawaii	,LargeParts	LargeParts/cushion_large_y.png
Map/TileImages,PastellKawaii	,LargeParts	LargeParts/cushion_r.png
Map/TileImages,PastellKawaii	,LargeParts	LargeParts/dack_l.png
Map/TileImages,PastellKawaii	,LargeParts	LargeParts/dack_r.png
Map/TileImages,PastellKawaii	,LargeParts	LargeParts/decoration_l_balloon.png
Map/TileImages,PastellKawaii	,LargeParts	LargeParts/decoration_l_croud.png
Map/TileImages,PastellKawaii	,LargeParts	LargeParts/decoration_l_moon.png
Map/TileImages,PastellKawaii	,LargeParts	LargeParts/desk_0.png
Map/TileImages,PastellKawaii	,LargeParts	LargeParts/desk_0_2.png
Map/TileImages,PastellKawaii	,LargeParts	LargeParts/desk_1.png
Map/TileImages,PastellKawaii	,LargeParts	LargeParts/desk_1_2.png
Map/TileImages,PastellKawaii	,LargeParts	LargeParts/desk_2.png
Map/TileImages,PastellKawaii	,LargeParts	LargeParts/desk_2_2.png
Map/TileImages,PastellKawaii	,LargeParts	LargeParts/desk_3.png
Map/TileImages,PastellKawaii	,LargeParts	LargeParts/desk_3_2.png
Map/TileImages,PastellKawaii	,LargeParts	LargeParts/dinosaur_l.png
Map/TileImages,PastellKawaii	,LargeParts	LargeParts/dinosaur_r.png
Map/TileImages,PastellKawaii	,LargeParts	LargeParts/eggchair_b_0.png
Map/TileImages,PastellKawaii	,LargeParts	LargeParts/eggchair_b_1.png
Map/TileImages,PastellKawaii	,LargeParts	LargeParts/eggchair_b_2.png
Map/TileImages,PastellKawaii	,LargeParts	LargeParts/eggchair_b_3.png
Map/TileImages,PastellKawaii	,LargeParts	LargeParts/eggchair_p_0.png
Map/TileImages,PastellKawaii	,LargeParts	LargeParts/eggchair_p_1.png
Map/TileImages,PastellKawaii	,LargeParts	LargeParts/eggchair_p_2.png
Map/TileImages,PastellKawaii	,LargeParts	LargeParts/eggchair_p_3.png
Map/TileImages,PastellKawaii	,LargeParts	LargeParts/elephant_l.png
Map/TileImages,PastellKawaii	,LargeParts	LargeParts/elephant_r.png
Map/TileImages,PastellKawaii	,LargeParts	LargeParts/faucet_0.png
Map/TileImages,PastellKawaii	,LargeParts	LargeParts/faucet_1.png
Map/TileImages,PastellKawaii	,LargeParts	LargeParts/faucet_2.png
Map/TileImages,PastellKawaii	,LargeParts	LargeParts/faucet_3.png
Map/TileImages,PastellKawaii	,LargeParts	LargeParts/flower_l.png
Map/TileImages,PastellKawaii	,LargeParts	LargeParts/flower_r.png
Map/TileImages,PastellKawaii	,LargeParts	LargeParts/flower_w_l.png
Map/TileImages,PastellKawaii	,LargeParts	LargeParts/flower_w_r.png
Map/TileImages,PastellKawaii	,LargeParts	LargeParts/flowerpot.png
Map/TileImages,PastellKawaii	,LargeParts	LargeParts/garland_1.png
Map/TileImages,PastellKawaii	,LargeParts	LargeParts/garland_2.png
Map/TileImages,PastellKawaii	,LargeParts	LargeParts/garland_3.png
Map/TileImages,PastellKawaii	,LargeParts	LargeParts/garland_4.png
Map/TileImages,PastellKawaii	,LargeParts	LargeParts/garland_5.png
Map/TileImages,PastellKawaii	,LargeParts	LargeParts/garland_6.png
Map/TileImages,PastellKawaii	,LargeParts	LargeParts/gun_l.png
Map/TileImages,PastellKawaii	,LargeParts	LargeParts/gun_r.png
Map/TileImages,PastellKawaii	,LargeParts	LargeParts/house_b_1.png
Map/TileImages,PastellKawaii	,LargeParts	LargeParts/house_b_2.png
Map/TileImages,PastellKawaii	,LargeParts	LargeParts/house_b_3.png
Map/TileImages,PastellKawaii	,LargeParts	LargeParts/house_g_0.png
Map/TileImages,PastellKawaii	,LargeParts	LargeParts/house_g_1.png
Map/TileImages,PastellKawaii	,LargeParts	LargeParts/house_g_2.png
Map/TileImages,PastellKawaii	,LargeParts	LargeParts/house_g_3.png
Map/TileImages,PastellKawaii	,LargeParts	LargeParts/house_p_0.png
Map/TileImages,PastellKawaii	,LargeParts	LargeParts/house_p_1.png
Map/TileImages,PastellKawaii	,LargeParts	LargeParts/house_p_2.png
Map/TileImages,PastellKawaii	,LargeParts	LargeParts/house_p_3.png
Map/TileImages,PastellKawaii	,LargeParts	LargeParts/lag_b.png
Map/TileImages,PastellKawaii	,LargeParts	LargeParts/lag_g.png
Map/TileImages,PastellKawaii	,LargeParts	LargeParts/lag_p.png
Map/TileImages,PastellKawaii	,LargeParts	LargeParts/large_cushion_b.png
Map/TileImages,PastellKawaii	,LargeParts	LargeParts/lowtable_0.png
Map/TileImages,PastellKawaii	,LargeParts	LargeParts/lowtable_1.png
Map/TileImages,PastellKawaii	,LargeParts	LargeParts/lowtable_2.png
Map/TileImages,PastellKawaii	,LargeParts	LargeParts/lowtable_3.png
Map/TileImages,PastellKawaii	,LargeParts	LargeParts/oven.png
Map/TileImages,PastellKawaii	,LargeParts	LargeParts/penguin_l.png
Map/TileImages,PastellKawaii	,LargeParts	LargeParts/penguin_r.png
Map/TileImages,PastellKawaii	,LargeParts	LargeParts/planter_b_1.png
Map/TileImages,PastellKawaii	,LargeParts	LargeParts/planter_b_2.png
Map/TileImages,PastellKawaii	,LargeParts	LargeParts/planter_r_1.png
Map/TileImages,PastellKawaii	,LargeParts	LargeParts/planter_r_2.png
Map/TileImages,PastellKawaii	,LargeParts	LargeParts/rabbit_0.png
Map/TileImages,PastellKawaii	,LargeParts	LargeParts/rabbit_1.png
Map/TileImages,PastellKawaii	,LargeParts	LargeParts/rabbit_2.png
Map/TileImages,PastellKawaii	,LargeParts	LargeParts/rabbit_3.png
Map/TileImages,PastellKawaii	,LargeParts	LargeParts/rabbit_l.png
Map/TileImages,PastellKawaii	,LargeParts	LargeParts/rabbit_r.png
Map/TileImages,PastellKawaii	,LargeParts	LargeParts/robot_l.png
Map/TileImages,PastellKawaii	,LargeParts	LargeParts/robot_r.png
Map/TileImages,PastellKawaii	,LargeParts	LargeParts/roket.png
Map/TileImages,PastellKawaii	,LargeParts	LargeParts/S_sofa_0_b.png
Map/TileImages,PastellKawaii	,LargeParts	LargeParts/S_sofa_0_p.png
Map/TileImages,PastellKawaii	,LargeParts	LargeParts/S_sofa_0_y.png
Map/TileImages,PastellKawaii	,LargeParts	LargeParts/S_sofa_1_b.png
Map/TileImages,PastellKawaii	,LargeParts	LargeParts/S_sofa_1_p.png
Map/TileImages,PastellKawaii	,LargeParts	LargeParts/S_sofa_1_y.png
Map/TileImages,PastellKawaii	,LargeParts	LargeParts/S_sofa_2_b.png
Map/TileImages,PastellKawaii	,LargeParts	LargeParts/S_sofa_2_p.png
Map/TileImages,PastellKawaii	,LargeParts	LargeParts/S_sofa_2_y.png
Map/TileImages,PastellKawaii	,LargeParts	LargeParts/S_sofa_3_b.png
Map/TileImages,PastellKawaii	,LargeParts	LargeParts/S_sofa_3_p.png
Map/TileImages,PastellKawaii	,LargeParts	LargeParts/S_sofa_3_y.png
Map/TileImages,PastellKawaii	,LargeParts	LargeParts/shelf_0.png
Map/TileImages,PastellKawaii	,LargeParts	LargeParts/shelf_1.png
Map/TileImages,PastellKawaii	,LargeParts	LargeParts/shelf_2.png
Map/TileImages,PastellKawaii	,LargeParts	LargeParts/shelf_2_2.png
Map/TileImages,PastellKawaii	,LargeParts	LargeParts/shelf_3.png
Map/TileImages,PastellKawaii	,LargeParts	LargeParts/shelf_3_2.png
Map/TileImages,PastellKawaii	,LargeParts	LargeParts/shelf1_2.png
Map/TileImages,PastellKawaii	,LargeParts	LargeParts/sidetable_0.png
Map/TileImages,PastellKawaii	,LargeParts	LargeParts/sidetable_1.png
Map/TileImages,PastellKawaii	,LargeParts	LargeParts/sidetable_1_2.png
Map/TileImages,PastellKawaii	,LargeParts	LargeParts/sidetable_2.png
Map/TileImages,PastellKawaii	,LargeParts	LargeParts/sidetable_2_2.png
Map/TileImages,PastellKawaii	,LargeParts	LargeParts/sidetable_3.png
Map/TileImages,PastellKawaii	,LargeParts	LargeParts/sidetable3_2.png
Map/TileImages,PastellKawaii	,LargeParts	LargeParts/sofa_0.png
Map/TileImages,PastellKawaii	,LargeParts	LargeParts/sofa_1.png
Map/TileImages,PastellKawaii	,LargeParts	LargeParts/sofa_2.png
Map/TileImages,PastellKawaii	,LargeParts	LargeParts/sofa_3.png
Map/TileImages,PastellKawaii	,LargeParts	LargeParts/star_s_l.png
Map/TileImages,PastellKawaii	,LargeParts	LargeParts/star_s_r.png
Map/TileImages,PastellKawaii	,LargeParts	LargeParts/star_y_l.png
Map/TileImages,PastellKawaii	,LargeParts	LargeParts/star_y_r.png
Map/TileImages,PastellKawaii	,LargeParts	LargeParts/step_1.png
Map/TileImages,PastellKawaii	,LargeParts	LargeParts/step_2.png
Map/TileImages,PastellKawaii	,LargeParts	LargeParts/step_corner_1.png
Map/TileImages,PastellKawaii	,LargeParts	LargeParts/step_corner_2.png
Map/TileImages,PastellKawaii	,LargeParts	LargeParts/step_corner_3.png
Map/TileImages,PastellKawaii	,LargeParts	LargeParts/step_corner_4.png
Map/TileImages,PastellKawaii	,LargeParts	LargeParts/strawberry_l.png
Map/TileImages,PastellKawaii	,LargeParts	LargeParts/strawberry_r.png
Map/TileImages,PastellKawaii	,LargeParts	LargeParts/streetlight_b.png
Map/TileImages,PastellKawaii	,LargeParts	LargeParts/streetlight_w.png
Map/TileImages,PastellKawaii	,LargeParts	LargeParts/table_0.png
Map/TileImages,PastellKawaii	,LargeParts	LargeParts/table_1.png
Map/TileImages,PastellKawaii	,LargeParts	LargeParts/table_2.png
Map/TileImages,PastellKawaii	,LargeParts	LargeParts/table_3.png
Map/TileImages,PastellKawaii	,LargeParts	LargeParts/taddybear_l.png
Map/TileImages,PastellKawaii	,LargeParts	LargeParts/taddybear_r.png
Map/TileImages,PastellKawaii	,LargeParts	LargeParts/topiary_1.png
Map/TileImages,PastellKawaii	,LargeParts	LargeParts/topiary_2.png
Map/TileImages,PastellKawaii	,LargeParts	LargeParts/topiary_bear_1.png
Map/TileImages,PastellKawaii	,LargeParts	LargeParts/topiary_bear_2.png
Map/TileImages,PastellKawaii	,LargeParts	LargeParts/topiary_bird_1.png
Map/TileImages,PastellKawaii	,LargeParts	LargeParts/topiary_bird_2.png
Map/TileImages,PastellKawaii	,LargeParts	LargeParts/toy_car_l.png
Map/TileImages,PastellKawaii	,LargeParts	LargeParts/toycar_r.png
Map/TileImages,PastellKawaii	,LargeParts	LargeParts/walldecoration_1.png
Map/TileImages,PastellKawaii	,LargeParts	LargeParts/walldecoration_2.png
Map/TileImages,PastellKawaii	,LargeParts	LargeParts/walldecoration_3.png
Map/TileImages,PastellKawaii	,LargeParts	LargeParts/walldecoration_4.png
Map/TileImages,PastellKawaii	,LargeParts	LargeParts/window_1.png
Map/TileImages,PastellKawaii	,LargeParts	LargeParts/window_2.png
Map/TileImages,PastellKawaii	,LargeParts	LargeParts/rag.png
Map/TileImages,PastellKawaii	,LargeParts	LargeParts/rag_b.png
Map/TileImages,PastellKawaii	,LargeParts	LargeParts/rag_p.png
Map/TileImages,PastellKawaii	,AutoTileA	AutoTileA/blue_sky.png
Map/TileImages,PastellKawaii	,AutoTileA	AutoTileA/blue_sky_pale.png
Map/TileImages,PastellKawaii	,AutoTileA	AutoTileA/flooring.png
Map/TileImages,PastellKawaii	,AutoTileA	AutoTileA/grass_road.png
Map/TileImages,PastellKawaii	,AutoTileA	AutoTileA/grass_road_2.png
Map/TileImages,PastellKawaii	,AutoTileA	AutoTileA/neon_sky.png
Map/TileImages,PastellKawaii	,AutoTileA	AutoTileA/neon_sky_pale.png
Map/TileImages,PastellKawaii	,AutoTileA	AutoTileA/sand_road.png
Map/TileImages,PastellKawaii	,AutoTileA	AutoTileA/sand_road_2.png
Map/TileImages,PastellKawaii	,AutoTileA	AutoTileA/stardust_road_b.png
Map/TileImages,PastellKawaii	,AutoTileA	AutoTileA/stardust_road_p.png
Map/TileImages,PastellKawaii	,AutoTileA	AutoTileA/stardust_road_y.png
Map/TileImages,PastellKawaii	,AutoTileA	AutoTileA/wall_top.png
Map/TileImages,PastellKawaii	,AutoTileB	AutoTileB/room_wall_1.png
Map/TileImages,PastellKawaii	,AutoTileB	AutoTileB/room_wall_2.png
Map/TileImages,PastellKawaii	,AutoTileB	AutoTileB/room_wall_3.png
Map/TileImages,PastellKawaii	,AutoTileB	AutoTileB/room_wall_4.png
Map/TileImages,PastellKawaii	,NormalTile	NormalTile/chest_lite_p_tile.png
Map/TileImages,PastellKawaii	,NormalTile	NormalTile/decoration_s_tile.png
Map/TileImages,PastellKawaii	,NormalTile	NormalTile/fence_tile.png
Map/TileImages,PastellKawaii	,NormalTile	NormalTile/flower_tile.png
Map/TileImages,PastellKawaii	,NormalTile	NormalTile/shelf_1_2_tile.png
Map/TileImages,PastellKawaii	,NormalTile	NormalTile/stardust_tile.png
Map/TileImages,PastellKawaii	,NormalTile	NormalTile/picnicseat_b_tile.png
Map/TileImages,PastellKawaii	,NormalTile	NormalTile/picnicseat_r_tile.png
Map/TileImages,PastellKawaii	,NormalTile	NormalTile/picnicseat_y_tile.png